product,uom,base_demand,season_amp,trend_per_week,promo_sensitivity
P1,unit,282,0.16355902211250817,-0.14999322745464144,0.10019469146025359
P2,unit,450,0.14241658539950278,0.20562193106419696,0.34805288982280436
P3,unit,286,0.0939964882145204,-0.21051189468102982,0.25437037740692914
P4,unit,251,0.14429484487522143,0.25539914058677726,0.2529132901220702
P5,unit,368,0.12671920555946306,0.406986896311025,0.10176657630492936
