product,uom,base_demand,season_amp,trend_per_week,promo_sensitivity
Product1,unit,282,0.1635590221125082,-0.14999322745464147,0.10019469146025359
Product2,unit,450,0.14241658539950278,0.205621931064197,0.34805288982280436
Product3,unit,286,0.0939964882145204,-0.21051189468102982,0.25437037740692914
Product4,unit,251,0.1442948448752214,0.25539914058677726,0.2529132901220702
Product5,unit,368,0.12671920555946306,0.4069868963110251,0.10176657630492936
